[{"C:\\Users\\Administrator\\AppData\\Local\\Temp\\scp31599\\wap_bzfcfk_com\\public_html\\zt\\shqh\\css\\index.css": "UTF-8"}, {"C:\\Users\\Administrator\\AppData\\Local\\Temp\\scp47519\\wap_bzfcfk_com\\public_html\\zt\\shqh\\index.html": "UTF-8"}, {"C:\\Users\\Administrator\\Desktop\\shqh\\index.html": "UTF-8"}, {"C:\\Users\\Administrator\\Desktop\\shqh\\css\\index.css": "ASCII"}, {"C:\\Users\\Administrator\\AppData\\Local\\Temp\\scp08290\\wap_bzfcfk_com\\public_html\\zt\\yqjc\\index.html": "UTF-8"}, {"C:\\Users\\Administrator\\Desktop\\xk\\js\\k.js": "ASCII"}, {"C:\\Users\\Administrator\\Desktop\\index.html": "ASCII"}, {"C:\\Users\\Administrator\\AppData\\Local\\Temp\\scp54995\\home\\wwwroot\\aidehua\\adhyh\\www_wlmqnk_net\\public_html\\swt\\tz.js": "ASCII"}, {"C:\\Users\\Administrator\\AppData\\Local\\Temp\\scp51755\\aidehua\\adhyh\\www_wlmqnk_net\\public_html\\swt\\tz.js": "ASCII"}, {"C:\\Users\\Administrator\\AppData\\Local\\Temp\\scp08652\\5g_wsnk999_com\\public_html\\zt\\bzzt\\css\\index.css": "ASCII"}, {"C:\\Users\\Administrator\\AppData\\Local\\Temp\\scp45951\\5g_wsnk999_com\\public_html\\zt\\bzzt\\css\\index.css": "ASCII"}, {"C:\\Users\\Administrator\\AppData\\Local\\Temp\\scp02043\\wap_nzyy_com\\public_html\\swt\\dbtc.js": "UTF-8"}, {"C:\\Users\\Administrator\\AppData\\Local\\Temp\\scp46573\\5g_wsnk999_com\\public_html\\zt4\\js\\head.js": "UTF-8"}, {"C:\\Users\\Administrator\\AppData\\Local\\Temp\\scp03139\\5g_wsnk999_com\\public_html\\zt4\\css\\index.css": "UTF-8"}, {"C:\\Users\\Administrator\\AppData\\Local\\Temp\\scp20174\\5g_wsnk999_com\\public_html\\zt4\\js\\head.js": "UTF-8"}, {"C:\\Users\\Administrator\\Desktop\\zt4\\css\\lbdh.css": "UTF-8"}, {"C:\\Users\\Administrator\\Desktop\\zt4\\css\\index.css": "UTF-8"}, {"C:\\Users\\Administrator\\AppData\\Local\\Temp\\scp00759\\5g_wsnk999_com\\public_html\\zt4\\bpss\\index.html": "UTF-8"}, {"C:\\Users\\Administrator\\Desktop\\zt4\\index.html": "UTF-8"}, {"C:\\Users\\Administrator\\Desktop\\\u7231\u5fb7\u534e\u5c0f\u4e13\u9898\u6a21\u677f\\css\\index.css": "ASCII"}, {"C:\\Users\\Administrator\\AppData\\Local\\Temp\\scp24531\\wap_fxnkyy_com\\public_html\\swt\\fxnjjc.php": "ASCII"}, {"C:\\Users\\Administrator\\AppData\\Local\\Temp\\scp06162\\wap_fxnkyy_com\\public_html\\templets\\fxnj\\index.htm": "UTF-8"}, {"C:\\Users\\Administrator\\AppData\\Local\\Temp\\scp27021\\wap_fxnkyy_com\\public_html\\js\\axgy.js": "ASCII"}, {"C:\\Users\\Administrator\\AppData\\Local\\Temp\\scp44596\\5g_zmdxdfk_com\\public_html\\include\\ckeditor\\ckeditor_php5.php": "ASCII"}, {"C:\\Users\\Administrator\\AppData\\Local\\Temp\\scp43285\\5g_zmdxdfk_com\\public_html\\dedesysadmin\\article_add.php": "GB2312"}, {"C:\\Users\\Administrator\\Desktop\\cs\\index.html": "ASCII"}, {"C:\\Users\\Administrator\\AppData\\Local\\Temp\\scp44503\\bz_wsnk999_com\\public_html\\zt\\qlxy\\index.html": "UTF-8"}, {"C:\\Users\\Administrator\\Desktop\\qlx\\index.html": "UTF-8"}, {"C:\\Users\\Administrator\\Desktop\\qlx\\css\\style.css": "UTF-8"}, {"C:\\Users\\Administrator\\AppData\\Local\\Temp\\scp50199\\5g_zmdxdfk_com\\public_html\\js\\panduan1.js": "ASCII"}, {"C:\\Users\\Administrator\\Desktop\\dhyd\\js\\jq.js": "ASCII"}, {"C:\\Users\\Administrator\\Desktop\\dhyd\\.settings\\org.eclipse.core.resources.prefs": "ASCII"}, {"C:\\Users\\Administrator\\AppData\\Local\\Temp\\scp16175\\home\\wwwroot\\www.pslove.cn\\web\\wp-content\\themes\\Cui1.0\\js\\pldh.js": "UTF-8"}, {"C:\\Users\\Administrator\\AppData\\Local\\Temp\\scp17266\\wap_fxnkyy_com\\public_html\\js\\swt.js": "GB2312"}, {"C:\\Users\\Administrator\\AppData\\Local\\Temp\\scp56362\\wap_fxnkyy_com\\public_html\\swt\\init.js": "UTF-8"}, {"C:\\Users\\Administrator\\Desktop\\dhyd\\index.html": "UTF-8"}, {"C:\\Users\\Administrator\\AppData\\Local\\Temp\\scp46080\\home\\wwwroot\\www.pslove.cn\\web\\wp-content\\themes\\Cui1.0\\footer.php": "UTF-8"}, {"C:\\Users\\Administrator\\Downloads\\vue.min.js": "ASCII"}, {"C:\\Users\\Administrator\\AppData\\Local\\Temp\\scp49149\\fxnjnk_com\\public_html\\templets\\mqnkh\\index.htm": "GB2312"}, {"C:\\Users\\Administrator\\AppData\\Local\\Temp\\scp53403\\5g_wsnk999_com\\public_html\\dhck\\tjs.html": "UTF-8"}, {"C:\\Users\\Administrator\\Desktop\\mobile_slider\\js\\needs\\mobileSlider.css": "ASCII"}, {"C:\\Users\\Administrator\\Desktop\\mobile_slider\\js\\base.js": "ASCII"}, {"C:\\Users\\Administrator\\Desktop\\mobile_slider\\js\\jquery.min.js": "ASCII"}, {"C:\\Users\\Administrator\\Desktop\\mobile_slider\\demo.html": "UTF-8"}, {"C:\\Users\\Administrator\\AppData\\Local\\Temp\\scp52854\\5g_wsnk999_com\\public_html\\swt\\center.js": "UTF-8"}, {"C:\\Users\\Administrator\\AppData\\Local\\Temp\\scp15109\\home\\wwwroot\\www.pslove.cn\\web\\css\\index.css": "ASCII"}, {"C:\\Users\\Administrator\\AppData\\Local\\Temp\\scp14405\\home\\wwwroot\\www.pslove.cn\\web\\wp-content\\themes\\Cui1.0\\style.css": "UTF-8"}, {"C:\\Users\\Administrator\\AppData\\Local\\Temp\\scp55567\\5g_wsnk999_com\\public_html\\zt2\\jsplus\\head.js": "ASCII"}, {"C:\\Users\\Administrator\\AppData\\Local\\Temp\\scp54087\\4g_wsnk999_com\\public_html\\zt2\\jsplus\\head.js": "ASCII"}, {"C:\\Users\\Administrator\\AppData\\Local\\Temp\\scp53719\\4g_wsnk123_com\\public_html\\zt2\\jsplus\\head.js": "ASCII"}, {"C:\\Users\\Administrator\\AppData\\Local\\Temp\\scp52127\\4g_wsadhnk_com\\public_html\\zt2\\jsplus\\head.js": "ASCII"}, {"C:\\Users\\Administrator\\AppData\\Local\\Temp\\scp50556\\3g_adhnanke_com\\public_html\\zt2\\jsplus\\head.js": "ASCII"}, {"C:\\Users\\Administrator\\AppData\\Local\\Temp\\scp17299\\5g_wsnk999_com\\public_html\\ztx\\gyhd\\index.html": "UTF-8"}, {"C:\\Users\\Administrator\\AppData\\Local\\Temp\\scp31148\\5g_wsnk999_com\\public_html\\ztx\\gyhd\\index.html": "UTF-8"}, {"C:\\Users\\Administrator\\AppData\\Local\\Temp\\scp25965\\5g_zmdxdfk_com\\public_html\\zt\\js\\ztpd.js": "ASCII"}, {"C:\\Users\\Administrator\\AppData\\Local\\Temp\\scp21140\\5g_zmdxdfk_com\\public_html\\zt\\js\\ztpd.js": "ASCII"}, {"C:\\Users\\Administrator\\AppData\\Local\\Temp\\scp24872\\5g_wsnk999_com\\public_html\\templets\\adhnk\\article_article.htm": "UTF-8"}, {"C:\\Users\\Administrator\\AppData\\Local\\Temp\\scp08984\\5g_zmdxdfk_com\\public_html\\templets\\xtym\\index.htm": "GB2312"}, {"C:\\Users\\Administrator\\AppData\\Local\\Temp\\scp38754\\home\\wwwroot\\www.pslove.cn\\web\\wp-content\\themes\\Cui1.0\\header.php": "UTF-8"}, {"C:\\Users\\Administrator\\AppData\\Local\\Temp\\scp58112\\5g_wsnk999_com\\public_html\\ztx\\gyhd\\css\\index.css": "UTF-8"}, {"C:\\Users\\Administrator\\AppData\\Local\\Temp\\scp38386\\home\\wwwroot\\www.pslove.cn\\web\\wp-content\\themes\\Cui1.0\\index.php": "UTF-8"}, {"C:\\Users\\Administrator\\AppData\\Local\\Temp\\scp55066\\5g_wsnk999_com\\public_html\\ztx\\gyhd\\index.html": "UTF-8"}, {"C:\\Users\\Administrator\\Desktop\\gyhd\\index.html": "UTF-8"}, {"C:\\Users\\Administrator\\AppData\\Local\\Temp\\scp56386\\5g_wsnk999_com\\public_html\\js\\pl.js": "UTF-8"}, {"C:\\Users\\Administrator\\Desktop\\gyhd\\css\\index.css": "UTF-8"}, {"C:\\Users\\Administrator\\AppData\\Local\\Temp\\scp40807\\5g_zmdxdfk_com\\public_html\\js\\panduan1.js": "ASCII"}, {"C:\\Users\\Administrator\\AppData\\Local\\Temp\\scp46046\\wap_6969899_com\\public_html\\zxgh\\index.html": "UTF-8"}, {"C:\\Users\\Administrator\\AppData\\Local\\Temp\\scp18442\\5g_wsnk999_com\\public_html\\templets\\adhnk\\head.htm": "UTF-8"}, {"C:\\Users\\Administrator\\AppData\\Local\\Temp\\scp18977\\5g_wsnk999_com\\public_html\\templets\\adhnk\\arc_head.htm": "UTF-8"}, {"C:\\Users\\Administrator\\AppData\\Local\\Temp\\scp50552\\5g_wsnk999_com\\public_html\\templets\\adhnk\\index.htm": "UTF-8"}, {"C:\\Users\\Administrator\\AppData\\Local\\Temp\\scp00329\\fuke.4000398112.com\\swt\\floatrollkf.js": "ASCII"}, {"C:\\Users\\Administrator\\AppData\\Local\\Temp\\scp46557\\bz_wsnk999_com\\public_html\\templets\\anhnkxz\\article_article.htm": "UTF-8"}, {"C:\\Users\\Administrator\\AppData\\Local\\Temp\\scp44974\\4g_wsnk123_com\\public_html\\jsplus\\js\\init.js": "GB2312"}, {"C:\\Users\\Administrator\\AppData\\Local\\Temp\\scp51884\\3g_adhnanke_com\\public_html\\zt1\\js\\banner.js": "UTF-8"}, {"C:\\Users\\Administrator\\AppData\\Local\\Temp\\scp49270\\3g_adhnanke_com\\public_html\\swt\\kefu.js": "UTF-8"}, {"C:\\Users\\Administrator\\AppData\\Local\\Temp\\scp09721\\wap_bzfcfk_com\\public_html\\templets\\bzmb\\list_ks.htm": "GB2312"}, {"C:\\Users\\Administrator\\Desktop\\zxgh\\js\\jquery.js": "ASCII"}, {"C:\\Users\\Administrator\\AppData\\Local\\Temp\\scp07087\\4g_wsnk999_com\\public_html\\zt2\\jsplus\\head.js": "ASCII"}, {"C:\\Users\\Administrator\\AppData\\Local\\Temp\\scp59504\\4g_wsnk123_com\\public_html\\zt2\\jsplus\\head.js": "ASCII"}, {"C:\\Users\\Administrator\\AppData\\Local\\Temp\\scp58391\\4g_wsadhnk_com\\public_html\\zt2\\jsplus\\head.js": "ASCII"}, {"C:\\Users\\Administrator\\AppData\\Local\\Temp\\scp57407\\3g_adhnanke_com\\public_html\\zt2\\jsplus\\head.js": "ASCII"}, {"C:\\Users\\Administrator\\AppData\\Local\\Temp\\scp27459\\wap_fxnkyy_com\\public_html\\templets\\xfxnj\\head.htm": "ASCII"}, {"C:\\Users\\Administrator\\AppData\\Local\\Temp\\scp43270\\aidehua\\wushirenliu_com\\public_html\\templets\\fk\\list_article.htm": "GB2312"}, {"C:\\Users\\Administrator\\AppData\\Roaming\\Sublime Text 3\\Packages\\User\\Preferences.sublime-settings": "ASCII"}, {"C:\\Users\\Administrator\\AppData\\Local\\Temp\\scp35348\\3g_adhnanke_com\\public_html\\zt2\\jsplus\\head.js": "ASCII"}, {"C:\\Users\\Administrator\\AppData\\Local\\Temp\\scp50177\\wap_zbrl120_com\\public_html\\zt\\js\\head.js": "GB2312"}, {"C:\\Users\\Administrator\\AppData\\Local\\Temp\\scp35509\\4g_zibolryy_com\\public_html\\zt\\js\\head.js": "ASCII"}, {"C:\\Users\\Administrator\\AppData\\Local\\Temp\\scp17123\\4g_wsadhnk_com\\public_html\\jsplus\\js\\dia.js": "GB2312"}, {"C:\\Users\\Administrator\\AppData\\Local\\Temp\\scp56809\\www_bzfcyy_com\\public_html\\js\\public.js": "ASCII"}, {"C:\\Users\\Administrator\\AppData\\Local\\Temp\\scp53319\\bozhoufcyy.com\\statics\\bzmliyyy\\js\\tab.js": "ASCII"}, {"C:\\Users\\Administrator\\AppData\\Local\\Temp\\scp53960\\bozhoufcyy.com\\statics\\bzmliyyy\\js\\jquery.min.js": "ASCII"}, {"C:\\Users\\Administrator\\AppData\\Local\\Temp\\scp52863\\bozhoufcyy.com\\statics\\bzmlyyy120\\js\\jquery-1.4.4.min.js": "ASCII"}, {"C:\\Users\\Administrator\\AppData\\Local\\Temp\\scp48401\\bzfukyy.com\\js\\options.js": "ASCII"}, {"C:\\Users\\Administrator\\AppData\\Local\\Temp\\scp44784\\bzfcyy120.net\\js\\myfocus-1.2.3.min.js": "ASCII"}, {"C:\\Users\\Administrator\\AppData\\Local\\Temp\\scp42057\\bzfcyy120.com\\js\\mu1.js": "ASCII"}, {"C:\\Users\\Administrator\\AppData\\Local\\Temp\\scp38892\\bzfcyy.net\\js\\xuanxk.js": "ASCII"}, {"C:\\Users\\Administrator\\AppData\\Local\\Temp\\scp26080\\bzfcfk.com\\js\\public.js": "ASCII"}, {"C:\\Users\\Administrator\\AppData\\Local\\Temp\\scp26926\\bzfcfk.com\\swt\\init.js": "GB2312"}, {"C:\\Users\\Administrator\\Desktop\\a\\zzyn\\js\\zjtd.js": "ASCII"}, {"C:\\Users\\Administrator\\Desktop\\a\\zzyj\\js\\zjtd.js": "ASCII"}]